Model,Hypervolume,Spread,Convergence
Fonseca,1.2201,1.835,0.000229861971067
Osyczka2,2.0778,1.227,8.43898593637
