Model,Hypervolume,Spread,Convergence
DTLZ1,3027192919.68,0.729,23.1900439277
DTLZ2,3031110054.53,0.862,7.49760136124
DTLZ3,2987542895.06,0.819,258.197340933
DTLZ4,3031091589.76,1.234,213.277007191
DTLZ5,3033868131.34,1.31,170.025887227
DTLZ6,3060664124.54,1.466,131.112452455
DTLZ7,3020015895.62,1.48,111.749761078
Viennet2,3031108409.91,0.901,85.7093482462
Viennet3,3031085511.88,1.224,70.1121852468
