Model,Hypervolume,Spread,Convergence
DTLZ1,5389608120.68,0.838,69.4921683317
DTLZ2,5390381069.92,0.904,26.792789179
DTLZ3,5362661957.76,0.704,243.299641061
DTLZ4,5390375215.5,1.598,182.055994836
DTLZ5,5393204403.33,1.275,146.00402915
DTLZ6,5433485461.45,1.209,119.182443888
DTLZ7,5373788315.18,1.165,105.234118556
Viennet2,5390380952.43,0.762,86.9191516797
Viennet3,5390347053.41,1.196,74.4725295512
